table_name,index_name,index_type,columns,non_unique,raw_definition,module_guess
audit_log,PRIMARY,PRIMARY,audit_id,NO,ADD PRIMARY KEY (`audit_id`),Audit / Security
audit_log,idx_al_entity,INDEX,entity_type|entity_id|occurred_at,YES,"ADD KEY `idx_al_entity` (`entity_type`,`entity_id`,`occurred_at`)",Audit / Security
audit_log,idx_al_actor,INDEX,actor_employee_id|occurred_at,YES,"ADD KEY `idx_al_actor` (`actor_employee_id`,`occurred_at`)",Audit / Security
audit_log,idx_al_action,INDEX,action|occurred_at,YES,"ADD KEY `idx_al_action` (`action`,`occurred_at`)",Audit / Security
audit_log,idx_al_time,INDEX,occurred_at,YES,ADD KEY `idx_al_time` (`occurred_at`),Audit / Security
audit_log_changes,PRIMARY,PRIMARY,change_id,NO,ADD PRIMARY KEY (`change_id`),Audit / Security
audit_log_changes,idx_alc_audit,INDEX,audit_id,YES,ADD KEY `idx_alc_audit` (`audit_id`),Audit / Security
cmms_amc_mst,PRIMARY,PRIMARY,AMC_ID,NO,ADD PRIMARY KEY (`AMC_ID`),Procurement / AMC / Inventory
cmms_amc_mst,FK_CMMS_AMC_MST_CMMS_BUDGET_MST,INDEX,AMC_BUDGET_ID,YES,ADD KEY `FK_CMMS_AMC_MST_CMMS_BUDGET_MST` (`AMC_BUDGET_ID`),Procurement / AMC / Inventory
cmms_amc_mst,FK_CMMS_AMC_MST_CMMS_CONT_MST,INDEX,AMC_VENDERID,YES,ADD KEY `FK_CMMS_AMC_MST_CMMS_CONT_MST` (`AMC_VENDERID`),Procurement / AMC / Inventory
cmms_checklist_mst,PRIMARY,PRIMARY,CHKL_ID,NO,ADD PRIMARY KEY (`CHKL_ID`),Master Data / Lookup
cmms_checklist_mst,FK_CMMS_CHECKLIST_MST_CMMS_CONT_MST,INDEX,CHKL_MAKE,YES,ADD KEY `FK_CMMS_CHECKLIST_MST_CMMS_CONT_MST` (`CHKL_MAKE`),Master Data / Lookup
cmms_checklist_tasks,PRIMARY,PRIMARY,CLTSK_ID|CLTSK_TASKID,NO,"ADD PRIMARY KEY (`CLTSK_ID`,`CLTSK_TASKID`)",Master Data / Lookup
cmms_checklist_tasks,FK_CMMS_CHECKLIST_TASKS_CMMS_TASK_MST,INDEX,CLTSK_TASKID,YES,ADD KEY `FK_CMMS_CHECKLIST_TASKS_CMMS_TASK_MST` (`CLTSK_TASKID`),Master Data / Lookup
cmms_cont_mst,PRIMARY,PRIMARY,CMM_CONT_ID,NO,ADD PRIMARY KEY (`CMM_CONT_ID`),Vendor / Manufacturer
cmms_cont_mst,uk_cont_name,UNIQUE,CMM_CONT_NAME,NO,ADD UNIQUE KEY `uk_cont_name` (`CMM_CONT_NAME`),Vendor / Manufacturer
cmms_cont_mst,idx_cont_type,INDEX,CMM_CONT_TYPE,YES,ADD KEY `idx_cont_type` (`CMM_CONT_TYPE`),Vendor / Manufacturer
cmms_cont_mst,idx_cont_active,INDEX,CMM_CONT_STATE_FLAG,YES,ADD KEY `idx_cont_active` (`CMM_CONT_STATE_FLAG`),Vendor / Manufacturer
cmms_cont_mst,idx_cont_name_search,INDEX,CMM_CONT_NAME,YES,ADD KEY `idx_cont_name_search` (`CMM_CONT_NAME`(50)),Vendor / Manufacturer
cmms_designation_mst,PRIMARY,PRIMARY,DG_ID,NO,ADD PRIMARY KEY (`DG_ID`),Organization / Employee
cmms_desig_hist,PRIMARY,PRIMARY,EMM_ID|EMM_DESIGNATION|EMM_DATE,NO,"ADD PRIMARY KEY (`EMM_ID`,`EMM_DESIGNATION`,`EMM_DATE`)",Organization / Employee
cmms_device_spares_mst,PRIMARY,PRIMARY,DS_ID,NO,ADD PRIMARY KEY (`DS_ID`),Master Data / Lookup
cmms_division_hist,FK_CMMS_DIVISION_HIST_CMMS_EQIP_MST,INDEX,EQD_EQM_TYPE|EQD_EQM_ID,YES,"ADD KEY `FK_CMMS_DIVISION_HIST_CMMS_EQIP_MST` (`EQD_EQM_TYPE`,`EQD_EQM_ID`)",Organization / Employee
cmms_documentno_mst,PRIMARY,PRIMARY,DocumentType|DocumentYear,NO,"ADD PRIMARY KEY (`DocumentType`,`DocumentYear`)",Other / Cross-cutting
cmms_emp_mst,PRIMARY,PRIMARY,EMM_ID,NO,ADD PRIMARY KEY (`EMM_ID`),Organization / Employee
cmms_emp_mst,FK_CMMS_EMP_MST_CMMS_SECTION_MST,INDEX,EMM_DEPT,YES,ADD KEY `FK_CMMS_EMP_MST_CMMS_SECTION_MST` (`EMM_DEPT`),Organization / Employee
cmms_emp_mst,FK_CMMS_EMP_MST_CMMS_ROLE_MST,INDEX,EMM_ROLE,YES,ADD KEY `FK_CMMS_EMP_MST_CMMS_ROLE_MST` (`EMM_ROLE`),Organization / Employee
cmms_emp_mst,idx_emm_active,INDEX,EMM_INACTIVE,YES,ADD KEY `idx_emm_active` (`EMM_INACTIVE`),Organization / Employee
cmms_eqipinst_identification,PRIMARY,PRIMARY,EMD_EQIP_TYPE|EQM_ID|EII_ID,NO,"ADD PRIMARY KEY (`EMD_EQIP_TYPE`,`EQM_ID`,`EII_ID`)",Equipment / Instruments
cmms_eqip_detail_spec,PRIMARY,PRIMARY,EDS_EQIP_TYPE|EDS_EQIP_ID|EDS_FILENAME,NO,"ADD PRIMARY KEY (`EDS_EQIP_TYPE`,`EDS_EQIP_ID`,`EDS_FILENAME`)",Equipment / Instruments
cmms_eqip_mst,PRIMARY,PRIMARY,EQM_TYPE|EQM_ID,NO,"ADD PRIMARY KEY (`EQM_TYPE`,`EQM_ID`)",Equipment / Instruments
cmms_eqip_mst,FK_CMMS_EQIP_MST_CMMS_SECTION_MST,INDEX,EQM_DIVID,YES,ADD KEY `FK_CMMS_EQIP_MST_CMMS_SECTION_MST` (`EQM_DIVID`),Equipment / Instruments
cmms_eqip_mst,FK_CMMS_EQIP_MST_CMMS_CHECKLIST_MST,INDEX,EQM_PMCHKLSTNO,YES,ADD KEY `FK_CMMS_EQIP_MST_CMMS_CHECKLIST_MST` (`EQM_PMCHKLSTNO`),Equipment / Instruments
cmms_eqip_mst,FK_CMMS_EQIP_MST_CMMS_CHECKLIST_MST1,INDEX,EQM_CALCHKLSTNO,YES,ADD KEY `FK_CMMS_EQIP_MST_CMMS_CHECKLIST_MST1` (`EQM_CALCHKLSTNO`),Equipment / Instruments
cmms_eqip_mst,FK_CMMS_EQIP_MST_CMMS_CONT_MST,INDEX,EQM_MFRID,YES,ADD KEY `FK_CMMS_EQIP_MST_CMMS_CONT_MST` (`EQM_MFRID`),Equipment / Instruments
cmms_eqip_mst,FK_CMMS_EQIP_MST_CMMS_PRODUCT_MST,INDEX,EQM_INST_TYPE,YES,ADD KEY `FK_CMMS_EQIP_MST_CMMS_PRODUCT_MST` (`EQM_INST_TYPE`),Equipment / Instruments
cmms_eqip_mst,idx_eqip_mvp_status,INDEX,EQM_MVP_STATUS,YES,ADD KEY `idx_eqip_mvp_status` (`EQM_MVP_STATUS`),Equipment / Instruments
cmms_eqip_mst,idx_eqip_cal_due,INDEX,EQM_CAL_DUE_DATE,YES,ADD KEY `idx_eqip_cal_due` (`EQM_CAL_DUE_DATE`),Equipment / Instruments
cmms_eqip_mst,idx_eqip_section_new,INDEX,EQM_SECTION_ID,YES,ADD KEY `idx_eqip_section_new` (`EQM_SECTION_ID`),Equipment / Instruments
cmms_eqip_mst,idx_eqip_mfr,INDEX,EQM_MFRID,YES,ADD KEY `idx_eqip_mfr` (`EQM_MFRID`),Equipment / Instruments
cmms_eqip_mst_hist,PRIMARY,PRIMARY,EQM_HIST_ID,NO,ADD PRIMARY KEY (`EQM_HIST_ID`),Equipment / Instruments
cmms_eqip_tec_spec,PRIMARY,PRIMARY,EMD_EQIP_TYPE|EQM_ID|EMD_SPEC_NAME,NO,"ADD PRIMARY KEY (`EMD_EQIP_TYPE`,`EQM_ID`,`EMD_SPEC_NAME`)",Equipment / Instruments
cmms_fault_mst,PRIMARY,PRIMARY,FM_FAULT_ID|FM_TYPE,NO,"ADD PRIMARY KEY (`FM_FAULT_ID`,`FM_TYPE`)",Job Cards
cmms_ins_accuracy_info,PRIMARY,PRIMARY,EIA_INS_ID|EIA_TYPE|EIA_ACCURACY,NO,"ADD PRIMARY KEY (`EIA_INS_ID`,`EIA_TYPE`,`EIA_ACCURACY`)",Equipment / Instruments
cmms_ins_accuracy_info,FK_CMMS_INS_ACCURACY_INFO_CMMS_EQIP_MST,INDEX,EIA_TYPE|EIA_INS_ID,YES,"ADD KEY `FK_CMMS_INS_ACCURACY_INFO_CMMS_EQIP_MST` (`EIA_TYPE`,`EIA_INS_ID`)",Equipment / Instruments
cmms_inv_eqip_dtl,PRIMARY,PRIMARY,IVD_PARTNO|IVD_EQM_ID|IND_EQM_TYPE,NO,"ADD PRIMARY KEY (`IVD_PARTNO`,`IVD_EQM_ID`,`IND_EQM_TYPE`)",Equipment / Instruments
cmms_inv_eqip_dtl,FK_CMMS_INV_EQIP_DTL_CMMS_EQIP_MST,INDEX,IND_EQM_TYPE|IVD_EQM_ID,YES,"ADD KEY `FK_CMMS_INV_EQIP_DTL_CMMS_EQIP_MST` (`IND_EQM_TYPE`,`IVD_EQM_ID`)",Equipment / Instruments
cmms_inv_mst,PRIMARY,PRIMARY,INV_PARTNO,NO,ADD PRIMARY KEY (`INV_PARTNO`),Procurement / AMC / Inventory
cmms_inv_mst,FK_CMMS_INV_MST_CMMS_CONT_MST,INDEX,INV_MCODE,YES,ADD KEY `FK_CMMS_INV_MST_CMMS_CONT_MST` (`INV_MCODE`),Procurement / AMC / Inventory
cmms_inv_mst,FK_CMMS_INV_MST_CMMS_DEVICE_SPARES_MST,INDEX,INV_INTLSPARESID,YES,ADD KEY `FK_CMMS_INV_MST_CMMS_DEVICE_SPARES_MST` (`INV_INTLSPARESID`),Procurement / AMC / Inventory
cmms_jobcard_attendedby_dtl,PRIMARY,PRIMARY,JMA_SECTIONJOBNO|JMA_USERID|JMA_ISAWAITING,NO,"ADD PRIMARY KEY (`JMA_SECTIONJOBNO`,`JMA_USERID`,`JMA_ISAWAITING`)",Job Cards
cmms_jobcard_attendedby_dtl,FK_CMMS_JOBCARD_ATTENDEDBY_DTL_CMMS_EMP_MST,INDEX,JMA_USERID,YES,ADD KEY `FK_CMMS_JOBCARD_ATTENDEDBY_DTL_CMMS_EMP_MST` (`JMA_USERID`),Job Cards
cmms_jobcard_awaitinginfo,PRIMARY,PRIMARY,JobcardNumber,NO,ADD PRIMARY KEY (`JobcardNumber`),Job Cards
cmms_jobcard_cal_adjustments_dtl,PRIMARY,PRIMARY,JCAD_JobCardNo|JCAD_Parameter|JCAD_TestValue,NO,"ADD PRIMARY KEY (`JCAD_JobCardNo`,`JCAD_Parameter`,`JCAD_TestValue`)",Job Cards
cmms_jobcard_cal_dtl,PRIMARY,PRIMARY,JCD_JobCardNo,NO,ADD PRIMARY KEY (`JCD_JobCardNo`),Job Cards
cmms_jobcard_cal_observations,PRIMARY,PRIMARY,JobcardNumber|TaskID,NO,"ADD PRIMARY KEY (`JobcardNumber`,`TaskID`)",Job Cards
cmms_jobcard_cal_observations,FK_CMMS_JOBCARD_CAL_OBSERVATIONS_CMMS_TASK_MST,INDEX,TaskID,YES,ADD KEY `FK_CMMS_JOBCARD_CAL_OBSERVATIONS_CMMS_TASK_MST` (`TaskID`),Job Cards
cmms_jobcard_contract_warranty_dtl,PRIMARY,PRIMARY,CWD_JobCardNo,NO,ADD PRIMARY KEY (`CWD_JobCardNo`),Job Cards
cmms_jobcard_eq_used,PRIMARY,PRIMARY,JEU_JobCardNo|JEU_EquipType|JEU_EquipId,NO,"ADD PRIMARY KEY (`JEU_JobCardNo`,`JEU_EquipType`,`JEU_EquipId`)",Job Cards
cmms_jobcard_eq_used,FK_CMMS_JOBCARD_EQ_USED_CMMS_EQIP_MST,INDEX,JEU_EquipType|JEU_EquipId,YES,"ADD KEY `FK_CMMS_JOBCARD_EQ_USED_CMMS_EQIP_MST` (`JEU_EquipType`,`JEU_EquipId`)",Job Cards
cmms_jobcard_faulty_category,PRIMARY,PRIMARY,JobcardNumber|FaultyType|FaultyCategory,NO,"ADD PRIMARY KEY (`JobcardNumber`,`FaultyType`,`FaultyCategory`)",Job Cards
cmms_jobcard_faulty_category,FK_CMMS_JOBCARD_FAULTY_CATEGORY_CMMS_FAULT_MST,INDEX,FaultyCategory|FaultyType,YES,"ADD KEY `FK_CMMS_JOBCARD_FAULTY_CATEGORY_CMMS_FAULT_MST` (`FaultyCategory`,`FaultyType`)",Job Cards
cmms_jobcard_faulty_section,PRIMARY,PRIMARY,JobcardNumber|FaultyType|FaultySection,NO,"ADD PRIMARY KEY (`JobcardNumber`,`FaultyType`,`FaultySection`)",Job Cards
cmms_jobcard_faulty_section,FK_CMMS_JOBCARD_FAULTY_SECTION_CMMS_FAULT_MST,INDEX,FaultySection|FaultyType,YES,"ADD KEY `FK_CMMS_JOBCARD_FAULTY_SECTION_CMMS_FAULT_MST` (`FaultySection`,`FaultyType`)",Job Cards
cmms_jobcard_inspection_info,PRIMARY,PRIMARY,JobcardNumber,NO,ADD PRIMARY KEY (`JobcardNumber`),Job Cards
cmms_jobcard_mst,PRIMARY,PRIMARY,JM_SectionJobNo,NO,ADD PRIMARY KEY (`JM_SectionJobNo`),Job Cards
cmms_jobcard_mst,FK_CMMS_JOBCARD_MST_CMMS_EQIP_MST,INDEX,JM_EQM_TYPE|JM_EQM_ID,YES,"ADD KEY `FK_CMMS_JOBCARD_MST_CMMS_EQIP_MST` (`JM_EQM_TYPE`,`JM_EQM_ID`)",Job Cards
cmms_jobcard_mst,idx_jc_status,INDEX,JM_MVP_STATUS,YES,ADD KEY `idx_jc_status` (`JM_MVP_STATUS`),Job Cards
cmms_jobcard_mst,idx_jc_recd_date,INDEX,JM_JCRecdDate,YES,ADD KEY `idx_jc_recd_date` (`JM_JCRecdDate`),Job Cards
cmms_jobcard_mst,idx_jc_list_default,INDEX,JM_MVP_STATUS|JM_CREATED_ON|JM_JobCardNO,YES,"ADD KEY `idx_jc_list_default` (`JM_MVP_STATUS`,`JM_CREATED_ON`,`JM_JobCardNO`)",Job Cards
cmms_jobcard_mst,idx_jc_due_date,INDEX,JM_PlannedComletedDate|JM_MVP_STATUS,YES,"ADD KEY `idx_jc_due_date` (`JM_PlannedComletedDate`,`JM_MVP_STATUS`)",Job Cards
cmms_jobcard_mst_history,PRIMARY,PRIMARY,HistoryId,NO,ADD PRIMARY KEY (`HistoryId`),Job Cards
cmms_jobcard_repair_info,PRIMARY,PRIMARY,JobcardNumber,NO,ADD PRIMARY KEY (`JobcardNumber`),Job Cards
cmms_jobcard_request_info,PRIMARY,PRIMARY,JRI_JobCardNo,NO,ADD PRIMARY KEY (`JRI_JobCardNo`),Job Cards
cmms_jobcard_request_item_dtl,PRIMARY,PRIMARY,JR_SECTIONJOBNO|JR_ITEM_ID,NO,"ADD PRIMARY KEY (`JR_SECTIONJOBNO`,`JR_ITEM_ID`)",Job Cards
cmms_jobcard_spares_equip,PRIMARY,PRIMARY,JobcardNumber|Sr_No,NO,"ADD PRIMARY KEY (`JobcardNumber`,`Sr_No`)",Job Cards
cmms_jobcard_spares_equip,IX_CMMS_JOBCARD_SPARES_EQUIP,UNIQUE,JobcardNumber|FaultyDevice|PartNo,NO,"ADD UNIQUE KEY `IX_CMMS_JOBCARD_SPARES_EQUIP` (`JobcardNumber`,`FaultyDevice`,`PartNo`)",Job Cards
cmms_jobcard_status_hist,FK_CMMS_JOBCARD_STATUS_HIST_CMMS_JOBCARD_MST,INDEX,JH_SectionJobNo,YES,ADD KEY `FK_CMMS_JOBCARD_STATUS_HIST_CMMS_JOBCARD_MST` (`JH_SectionJobNo`),Job Cards
cmms_jobrequest_item_dtl,PRIMARY,PRIMARY,JR_JOBREQUESTNO|JR_ITEM_ID,NO,"ADD PRIMARY KEY (`JR_JOBREQUESTNO`,`JR_ITEM_ID`)",Job Requests
cmms_jobrequest_mst,PRIMARY,PRIMARY,JR_JOBREQUESTNO,NO,ADD PRIMARY KEY (`JR_JOBREQUESTNO`),Job Requests
cmms_jobrequest_mst,FK_CMMS_JOBREQUEST_MST_CMMS_SECTION_MST,INDEX,JR_DIVISION,YES,ADD KEY `FK_CMMS_JOBREQUEST_MST_CMMS_SECTION_MST` (`JR_DIVISION`),Job Requests
cmms_jobrequest_mst,FK_CMMS_JOBREQUEST_MST_CMMS_EQIP_MST,INDEX,JR_EQM_TYPE|JR_EQM_ID,YES,"ADD KEY `FK_CMMS_JOBREQUEST_MST_CMMS_EQIP_MST` (`JR_EQM_TYPE`,`JR_EQM_ID`)",Job Requests
cmms_jobrequest_mst,FK_CMMS_JOBREQUEST_MST_CMMS_JOBCARD_MST,INDEX,JR_SECTIONJOB_NO,YES,ADD KEY `FK_CMMS_JOBREQUEST_MST_CMMS_JOBCARD_MST` (`JR_SECTIONJOB_NO`),Job Requests
cmms_jobrequest_mst,FK_CMMS_JOBREQUEST_MST_CMMS_PRODUCT_MST,INDEX,JR_INST_TYPE,YES,ADD KEY `FK_CMMS_JOBREQUEST_MST_CMMS_PRODUCT_MST` (`JR_INST_TYPE`),Job Requests
cmms_jobrequest_mst,idx_jr_status,INDEX,JR_MVP_STATUS,YES,ADD KEY `idx_jr_status` (`JR_MVP_STATUS`),Job Requests
cmms_jobrequest_mst,idx_jr_priority,INDEX,JR_PRIORITY|JR_MVP_STATUS,YES,"ADD KEY `idx_jr_priority` (`JR_PRIORITY`,`JR_MVP_STATUS`)",Job Requests
cmms_jobrequest_mst,idx_jr_assigned_eng,INDEX,JR_ASSIGNED_ENGINEER,YES,ADD KEY `idx_jr_assigned_eng` (`JR_ASSIGNED_ENGINEER`),Job Requests
cmms_jobrequest_mst,idx_jr_list_default,INDEX,JR_MVP_STATUS|JR_CREATED_AT|JR_JOBREQUESTNO,YES,"ADD KEY `idx_jr_list_default` (`JR_MVP_STATUS`,`JR_CREATED_AT`,`JR_JOBREQUESTNO`)",Job Requests
cmms_jobrequest_mst,idx_jr_owner_created,INDEX,JR_SUBMITTEDBYID|JR_CREATED_AT,YES,"ADD KEY `idx_jr_owner_created` (`JR_SUBMITTEDBYID`,`JR_CREATED_AT`)",Job Requests
cmms_jobrequest_mst,idx_jr_division_created,INDEX,JR_DIVISION|JR_CREATED_AT,YES,"ADD KEY `idx_jr_division_created` (`JR_DIVISION`,`JR_CREATED_AT`)",Job Requests
cmms_jobrequest_mst,idx_jr_priority_status_created,INDEX,JR_PRIORITY|JR_MVP_STATUS|JR_CREATED_AT,YES,"ADD KEY `idx_jr_priority_status_created` (`JR_PRIORITY`,`JR_MVP_STATUS`,`JR_CREATED_AT`)",Job Requests
cmms_jobrequest_mst,idx_jr_jobtype_created,INDEX,JR_JOB_TYPE|JR_CREATED_AT,YES,"ADD KEY `idx_jr_jobtype_created` (`JR_JOB_TYPE`,`JR_CREATED_AT`)",Job Requests
cmms_jobrequest_project_dtl,PRIMARY,PRIMARY,JR_JOBREQUESTNO|JR_PROJECTID,NO,"ADD PRIMARY KEY (`JR_JOBREQUESTNO`,`JR_PROJECTID`)",Job Requests
cmms_jobrequest_project_dtl,FK_CMMS_JOBREQUEST_PROJECTDTL_CMMS_PROJ_MST,INDEX,JR_PROJECTID,YES,ADD KEY `FK_CMMS_JOBREQUEST_PROJECTDTL_CMMS_PROJ_MST` (`JR_PROJECTID`),Job Requests
cmms_lineitem_mst,PRIMARY,PRIMARY,LITM_ID,NO,ADD PRIMARY KEY (`LITM_ID`),Master Data / Lookup
cmms_parameter_master,PRIMARY,PRIMARY,CategoryID|SrID,NO,"ADD PRIMARY KEY (`CategoryID`,`SrID`)",Master Data / Lookup
cmms_parameter_master,idx_pm_category_order,INDEX,CategoryID|display_order,YES,"ADD KEY `idx_pm_category_order` (`CategoryID`,`display_order`)",Master Data / Lookup
cmms_po_item_dtl,FK_CMMS_PO_ITEM_DTL_CMMS_DEVICE_SPARES_MST,INDEX,POI_ITEM_TYPE,YES,ADD KEY `FK_CMMS_PO_ITEM_DTL_CMMS_DEVICE_SPARES_MST` (`POI_ITEM_TYPE`),Procurement / AMC / Inventory
cmms_po_item_dtl,FK_CMMS_PO_ITEM_DTL_CMMS_PO_MST,INDEX,POI_ID,YES,ADD KEY `FK_CMMS_PO_ITEM_DTL_CMMS_PO_MST` (`POI_ID`),Procurement / AMC / Inventory
cmms_po_mst,PRIMARY,PRIMARY,PO_ID,NO,ADD PRIMARY KEY (`PO_ID`),Procurement / AMC / Inventory
cmms_po_payment_dtl,FK_CMMS_PO_PAYMENT_DTL_CMMS_PO_MST,INDEX,POP_ID,YES,ADD KEY `FK_CMMS_PO_PAYMENT_DTL_CMMS_PO_MST` (`POP_ID`),Procurement / AMC / Inventory
cmms_po_receive_dtl,FK_CMMS_PO_RECEIVE_DTL_CMMS_PO_MST,INDEX,POR_ID,YES,ADD KEY `FK_CMMS_PO_RECEIVE_DTL_CMMS_PO_MST` (`POR_ID`),Procurement / AMC / Inventory
cmms_product_mst,PRIMARY,PRIMARY,PROD_ID,NO,ADD PRIMARY KEY (`PROD_ID`),Master Data / Lookup
cmms_proj_mst,PRIMARY,PRIMARY,PR_ID,NO,ADD PRIMARY KEY (`PR_ID`),Master Data / Lookup
cmms_pur_dtl,PRIMARY,PRIMARY,PUD_NO|PUD_PARTNO,NO,"ADD PRIMARY KEY (`PUD_NO`,`PUD_PARTNO`)",Procurement / AMC / Inventory
cmms_pur_mst,PRIMARY,PRIMARY,PUM_NO,NO,ADD PRIMARY KEY (`PUM_NO`),Procurement / AMC / Inventory
cmms_schedule_eqip_dtl,PRIMARY,PRIMARY,SC_PLAN_ID|SC_TYPE|SC_EQM_ID|SC_EQM_TYPE|SC_SCHEDULE_DATE,NO,"ADD PRIMARY KEY (`SC_PLAN_ID`,`SC_TYPE`,`SC_EQM_ID`,`SC_EQM_TYPE`,`SC_SCHEDULE_DATE`)",Equipment / Instruments
cmms_schedule_eqip_dtl,FK_CMMS_SCHEDULE_EQIP_DTL_CMMS_EQIP_MST,INDEX,SC_EQM_TYPE|SC_EQM_ID,YES,"ADD KEY `FK_CMMS_SCHEDULE_EQIP_DTL_CMMS_EQIP_MST` (`SC_EQM_TYPE`,`SC_EQM_ID`)",Equipment / Instruments
cmms_schedule_mst,PRIMARY,PRIMARY,SC_PLAN_ID|SC_TYPE,NO,"ADD PRIMARY KEY (`SC_PLAN_ID`,`SC_TYPE`)",Scheduling / PM-CAL
cmms_schedule_mst,FK_CMMS_SCHEDULE_MST_CMMS_SECTION_MST,INDEX,SC_SM_ID,YES,ADD KEY `FK_CMMS_SCHEDULE_MST_CMMS_SECTION_MST` (`SC_SM_ID`),Scheduling / PM-CAL
cmms_section_mst,PRIMARY,PRIMARY,SM_ID,NO,ADD PRIMARY KEY (`SM_ID`),Organization / Employee
cmms_supplier_mfr,IX_CMMS_SUPPLIER_MFR,UNIQUE,SUP_ID|MFR_ID|MFR_PROD_ID,NO,"ADD UNIQUE KEY `IX_CMMS_SUPPLIER_MFR` (`SUP_ID`,`MFR_ID`,`MFR_PROD_ID`)",Vendor / Manufacturer
cmms_supplier_mfr,FK_CMMS_SUPPLIER_MFR_CMMS_CONT_MST1,INDEX,MFR_ID,YES,ADD KEY `FK_CMMS_SUPPLIER_MFR_CMMS_CONT_MST1` (`MFR_ID`),Vendor / Manufacturer
cmms_supplier_mfr,FK_CMMS_SUPPLIER_MFR_CMMS_PRODUCT_MST,INDEX,MFR_PROD_ID,YES,ADD KEY `FK_CMMS_SUPPLIER_MFR_CMMS_PRODUCT_MST` (`MFR_PROD_ID`),Vendor / Manufacturer
cmms_task_mst,PRIMARY,PRIMARY,TSK_ID,NO,ADD PRIMARY KEY (`TSK_ID`),Master Data / Lookup
departments,PRIMARY,PRIMARY,department_id,NO,ADD PRIMARY KEY (`department_id`),Organization / Employee
departments,uk_dept_code,UNIQUE,department_code,NO,ADD UNIQUE KEY `uk_dept_code` (`department_code`),Organization / Employee
equipment_status_history,PRIMARY,PRIMARY,history_id,NO,ADD PRIMARY KEY (`history_id`),Equipment / Instruments
equipment_status_history,fk_esh_jc,INDEX,related_job_card,YES,ADD KEY `fk_esh_jc` (`related_job_card`),Equipment / Instruments
equipment_status_history,idx_esh_eqip_time,INDEX,eqm_type|eqm_id|transitioned_at,YES,"ADD KEY `idx_esh_eqip_time` (`eqm_type`,`eqm_id`,`transitioned_at`)",Equipment / Instruments
equipment_status_history,idx_esh_time,INDEX,transitioned_at,YES,ADD KEY `idx_esh_time` (`transitioned_at`),Equipment / Instruments
equipment_status_history,idx_esh_actor,INDEX,transitioned_by,YES,ADD KEY `idx_esh_actor` (`transitioned_by`),Equipment / Instruments
export_audit,PRIMARY,PRIMARY,export_id,NO,ADD PRIMARY KEY (`export_id`),Audit / Security
export_audit,idx_ea_actor,INDEX,actor_employee_id|occurred_at,YES,"ADD KEY `idx_ea_actor` (`actor_employee_id`,`occurred_at`)",Audit / Security
export_audit,idx_ea_type,INDEX,export_type|occurred_at,YES,"ADD KEY `idx_ea_type` (`export_type`,`occurred_at`)",Audit / Security
export_audit,idx_ea_time,INDEX,occurred_at,YES,ADD KEY `idx_ea_time` (`occurred_at`),Audit / Security
job_request_accessories,PRIMARY,PRIMARY,acc_id,NO,ADD PRIMARY KEY (`acc_id`),Job Requests
job_request_accessories,idx_jra_jr_pos,INDEX,jr_no|position,YES,"ADD KEY `idx_jra_jr_pos` (`jr_no`,`position`)",Job Requests
job_request_status_history,PRIMARY,PRIMARY,history_id,NO,ADD PRIMARY KEY (`history_id`),Job Requests
job_request_status_history,fk_jrsh_actor,INDEX,transitioned_by,YES,ADD KEY `fk_jrsh_actor` (`transitioned_by`),Job Requests
job_request_status_history,idx_jrsh_jr_time,INDEX,jr_no|transitioned_at,YES,"ADD KEY `idx_jrsh_jr_time` (`jr_no`,`transitioned_at`)",Job Requests
job_request_status_history,idx_jrsh_time,INDEX,transitioned_at,YES,ADD KEY `idx_jrsh_time` (`transitioned_at`),Job Requests
login_audit,PRIMARY,PRIMARY,audit_id,NO,ADD PRIMARY KEY (`audit_id`),Auth & RBAC
login_audit,idx_la_emp_time,INDEX,employee_id|attempt_at,YES,"ADD KEY `idx_la_emp_time` (`employee_id`,`attempt_at`)",Auth & RBAC
login_audit,idx_la_time,INDEX,attempt_at,YES,ADD KEY `idx_la_time` (`attempt_at`),Auth & RBAC
login_audit,idx_la_outcome,INDEX,outcome|attempt_at,YES,"ADD KEY `idx_la_outcome` (`outcome`,`attempt_at`)",Auth & RBAC
permissions,PRIMARY,PRIMARY,permission_id,NO,ADD PRIMARY KEY (`permission_id`),Auth & RBAC
permissions,uk_perm_code,UNIQUE,permission_code,NO,ADD UNIQUE KEY `uk_perm_code` (`permission_code`),Auth & RBAC
permissions,idx_perm_resource,INDEX,resource,YES,ADD KEY `idx_perm_resource` (`resource`),Auth & RBAC
refresh_tokens,PRIMARY,PRIMARY,token_id,NO,ADD PRIMARY KEY (`token_id`),Auth & RBAC
refresh_tokens,uk_rt_hash,UNIQUE,token_hash,NO,ADD UNIQUE KEY `uk_rt_hash` (`token_hash`),Auth & RBAC
refresh_tokens,idx_rt_user_expires,INDEX,user_id|expires_at,YES,"ADD KEY `idx_rt_user_expires` (`user_id`,`expires_at`)",Auth & RBAC
refresh_tokens,idx_rt_expires,INDEX,expires_at,YES,ADD KEY `idx_rt_expires` (`expires_at`),Auth & RBAC
roles,PRIMARY,PRIMARY,role_id,NO,ADD PRIMARY KEY (`role_id`),Auth & RBAC
roles,uk_roles_code,UNIQUE,role_code,NO,ADD UNIQUE KEY `uk_roles_code` (`role_code`),Auth & RBAC
role_permissions,PRIMARY,PRIMARY,role_id|permission_id,NO,"ADD PRIMARY KEY (`role_id`,`permission_id`)",Auth & RBAC
role_permissions,idx_rp_perm,INDEX,permission_id,YES,ADD KEY `idx_rp_perm` (`permission_id`),Auth & RBAC
schema_migrations,PRIMARY,PRIMARY,migration_id,NO,ADD PRIMARY KEY (`migration_id`),Other / Cross-cutting
sections,PRIMARY,PRIMARY,section_id,NO,ADD PRIMARY KEY (`section_id`),Organization / Employee
sections,uk_sect_code,UNIQUE,section_code,NO,ADD UNIQUE KEY `uk_sect_code` (`section_code`),Organization / Employee
sections,fk_sections_head_emp,INDEX,head_employee_id,YES,ADD KEY `fk_sections_head_emp` (`head_employee_id`),Organization / Employee
sections,idx_sect_dept,INDEX,department_id,YES,ADD KEY `idx_sect_dept` (`department_id`),Organization / Employee
sections,idx_sect_category,INDEX,equipment_category,YES,ADD KEY `idx_sect_category` (`equipment_category`),Organization / Employee
sections,idx_sect_active,INDEX,is_active,YES,ADD KEY `idx_sect_active` (`is_active`),Organization / Employee
sysdiagrams,PRIMARY,PRIMARY,diagram_id,NO,ADD PRIMARY KEY (`diagram_id`),Other / Cross-cutting
sysdiagrams,UK_principal_name,UNIQUE,principal_id|name,NO,"ADD UNIQUE KEY `UK_principal_name` (`principal_id`,`name`)",Other / Cross-cutting
users,PRIMARY,PRIMARY,user_id,NO,ADD PRIMARY KEY (`user_id`),Auth & RBAC
users,uk_users_employee_id,UNIQUE,employee_id,NO,ADD UNIQUE KEY `uk_users_employee_id` (`employee_id`),Auth & RBAC
users,idx_users_active,INDEX,is_active|is_locked,YES,"ADD KEY `idx_users_active` (`is_active`,`is_locked`)",Auth & RBAC
users,idx_users_section,INDEX,section_id,YES,ADD KEY `idx_users_section` (`section_id`),Auth & RBAC
users,idx_users_created_at,INDEX,created_at,YES,ADD KEY `idx_users_created_at` (`created_at`),Auth & RBAC
user_roles,PRIMARY,PRIMARY,user_id,NO,ADD PRIMARY KEY (`user_id`),Auth & RBAC
user_roles,idx_ur_role,INDEX,role_id,YES,ADD KEY `idx_ur_role` (`role_id`),Auth & RBAC
_legacy_accessright_mst,PRIMARY,PRIMARY,ACC_MOD_ID|ACC_ROLE,NO,"ADD PRIMARY KEY (`ACC_MOD_ID`,`ACC_ROLE`)",Legacy / Isolated
_legacy_accessright_mst,FK_CMMS_ACCESSRIGHT_MST_CMMS_ROLE_MST,INDEX,ACC_ROLE,YES,ADD KEY `FK_CMMS_ACCESSRIGHT_MST_CMMS_ROLE_MST` (`ACC_ROLE`),Legacy / Isolated
_legacy_jobcard_insp_maint_dtl,PRIMARY,PRIMARY,JMD_JobCardNo,NO,ADD PRIMARY KEY (`JMD_JobCardNo`),Legacy / Isolated
_legacy_module_mst,PRIMARY,PRIMARY,MOD_ID,NO,ADD PRIMARY KEY (`MOD_ID`),Legacy / Isolated
_legacy_module_mst,FK_CMMS_MODULE_MST_CMMS_MODULE_MST,INDEX,MOD_PARENT_ID,YES,ADD KEY `FK_CMMS_MODULE_MST_CMMS_MODULE_MST` (`MOD_PARENT_ID`),Legacy / Isolated
_legacy_role_mst,PRIMARY,PRIMARY,ROLE_ID,NO,ADD PRIMARY KEY (`ROLE_ID`),Legacy / Isolated
_legacy_section_user_mst,PRIMARY,PRIMARY,SM_ID|SM_USER_ID,NO,"ADD PRIMARY KEY (`SM_ID`,`SM_USER_ID`)",Legacy / Isolated
_legacy_section_user_mst,FK_CMMS_SECTION_USER_MST_CMMS_ROLE_MST,INDEX,SM_USER_ROLE,YES,ADD KEY `FK_CMMS_SECTION_USER_MST_CMMS_ROLE_MST` (`SM_USER_ROLE`),Legacy / Isolated
_legacy_userrole_mst,PRIMARY,PRIMARY,USER_ID|USER_DIVISION_ID,NO,"ADD PRIMARY KEY (`USER_ID`,`USER_DIVISION_ID`)",Legacy / Isolated
