source_table,source_columns,target_table,target_columns,constraint_name,source_module,target_module,relationship_label
audit_log_changes,audit_id,audit_log,audit_id,fk_alc_audit,Audit / Security,Audit / Security,audit_log_changes -> audit_log
cmms_amc_mst,AMC_BUDGET_ID,cmms_lineitem_mst,LITM_ID,FK_CMMS_AMC_MST_CMMS_BUDGET_MST,Procurement / AMC / Inventory,Master Data / Lookup,cmms_amc_mst -> cmms_lineitem_mst
cmms_amc_mst,AMC_VENDERID,cmms_cont_mst,CMM_CONT_ID,FK_CMMS_AMC_MST_CMMS_CONT_MST,Procurement / AMC / Inventory,Vendor / Manufacturer,cmms_amc_mst -> cmms_cont_mst
cmms_checklist_mst,CHKL_MAKE,cmms_cont_mst,CMM_CONT_ID,FK_CMMS_CHECKLIST_MST_CMMS_CONT_MST,Master Data / Lookup,Vendor / Manufacturer,cmms_checklist_mst -> cmms_cont_mst
cmms_checklist_tasks,CLTSK_ID,cmms_checklist_mst,CHKL_ID,FK_CMMS_CHECKLIST_TASKS_CMMS_CHECKLIST_MST,Master Data / Lookup,Master Data / Lookup,cmms_checklist_tasks -> cmms_checklist_mst
cmms_checklist_tasks,CLTSK_TASKID,cmms_task_mst,TSK_ID,FK_CMMS_CHECKLIST_TASKS_CMMS_TASK_MST,Master Data / Lookup,Master Data / Lookup,cmms_checklist_tasks -> cmms_task_mst
cmms_desig_hist,EMM_ID,cmms_emp_mst,EMM_ID,FK_CMMS_DESIG_HIST_CMMS_EMP_MST,Organization / Employee,Organization / Employee,cmms_desig_hist -> cmms_emp_mst
cmms_division_hist,EQD_EQM_TYPE|EQD_EQM_ID,cmms_eqip_mst,EQM_TYPE|EQM_ID,FK_CMMS_DIVISION_HIST_CMMS_EQIP_MST,Organization / Employee,Equipment / Instruments,cmms_division_hist -> cmms_eqip_mst
cmms_emp_mst,EMM_ROLE,_legacy_role_mst,ROLE_ID,FK_CMMS_EMP_MST_CMMS_ROLE_MST,Organization / Employee,Legacy / Isolated,cmms_emp_mst -> _legacy_role_mst
cmms_emp_mst,EMM_DEPT,cmms_section_mst,SM_ID,FK_CMMS_EMP_MST_CMMS_SECTION_MST,Organization / Employee,Organization / Employee,cmms_emp_mst -> cmms_section_mst
cmms_eqipinst_identification,EMD_EQIP_TYPE|EQM_ID,cmms_eqip_mst,EQM_TYPE|EQM_ID,FK_CMMS_EQIPINST_IDENTIFICATION_CMMS_EQIP_MST,Equipment / Instruments,Equipment / Instruments,cmms_eqipinst_identification -> cmms_eqip_mst
cmms_eqip_detail_spec,EDS_EQIP_TYPE|EDS_EQIP_ID,cmms_eqip_mst,EQM_TYPE|EQM_ID,FK_CMMS_EQIP_DETAIL_SPEC_CMMS_EQIP_MST,Equipment / Instruments,Equipment / Instruments,cmms_eqip_detail_spec -> cmms_eqip_mst
cmms_eqip_mst,EQM_PMCHKLSTNO,cmms_checklist_mst,CHKL_ID,FK_CMMS_EQIP_MST_CMMS_CHECKLIST_MST,Equipment / Instruments,Master Data / Lookup,cmms_eqip_mst -> cmms_checklist_mst
cmms_eqip_mst,EQM_CALCHKLSTNO,cmms_checklist_mst,CHKL_ID,FK_CMMS_EQIP_MST_CMMS_CHECKLIST_MST1,Equipment / Instruments,Master Data / Lookup,cmms_eqip_mst -> cmms_checklist_mst
cmms_eqip_mst,EQM_MFRID,cmms_cont_mst,CMM_CONT_ID,FK_CMMS_EQIP_MST_CMMS_CONT_MST,Equipment / Instruments,Vendor / Manufacturer,cmms_eqip_mst -> cmms_cont_mst
cmms_eqip_mst,EQM_INST_TYPE,cmms_product_mst,PROD_ID,FK_CMMS_EQIP_MST_CMMS_PRODUCT_MST,Equipment / Instruments,Master Data / Lookup,cmms_eqip_mst -> cmms_product_mst
cmms_eqip_mst,EQM_DIVID,cmms_section_mst,SM_ID,FK_CMMS_EQIP_MST_CMMS_SECTION_MST,Equipment / Instruments,Organization / Employee,cmms_eqip_mst -> cmms_section_mst
cmms_eqip_mst,EQM_SECTION_ID,sections,section_id,fk_eqip_section_new,Equipment / Instruments,Organization / Employee,cmms_eqip_mst -> sections
cmms_eqip_tec_spec,EMD_EQIP_TYPE|EQM_ID,cmms_eqip_mst,EQM_TYPE|EQM_ID,FK_CMMS_EQIP_TEC_SPEC_CMMS_EQIP_MST,Equipment / Instruments,Equipment / Instruments,cmms_eqip_tec_spec -> cmms_eqip_mst
cmms_ins_accuracy_info,EIA_TYPE|EIA_INS_ID,cmms_eqip_mst,EQM_TYPE|EQM_ID,FK_CMMS_INS_ACCURACY_INFO_CMMS_EQIP_MST,Equipment / Instruments,Equipment / Instruments,cmms_ins_accuracy_info -> cmms_eqip_mst
cmms_inv_eqip_dtl,IND_EQM_TYPE|IVD_EQM_ID,cmms_eqip_mst,EQM_TYPE|EQM_ID,FK_CMMS_INV_EQIP_DTL_CMMS_EQIP_MST,Equipment / Instruments,Equipment / Instruments,cmms_inv_eqip_dtl -> cmms_eqip_mst
cmms_inv_eqip_dtl,IVD_PARTNO,cmms_inv_mst,INV_PARTNO,FK_CMMS_INV_EQIP_DTL_CMMS_INV_MST,Equipment / Instruments,Procurement / AMC / Inventory,cmms_inv_eqip_dtl -> cmms_inv_mst
cmms_inv_mst,INV_MCODE,cmms_cont_mst,CMM_CONT_ID,FK_CMMS_INV_MST_CMMS_CONT_MST,Procurement / AMC / Inventory,Vendor / Manufacturer,cmms_inv_mst -> cmms_cont_mst
cmms_inv_mst,INV_INTLSPARESID,cmms_device_spares_mst,DS_ID,FK_CMMS_INV_MST_CMMS_DEVICE_SPARES_MST,Procurement / AMC / Inventory,Master Data / Lookup,cmms_inv_mst -> cmms_device_spares_mst
cmms_jobcard_attendedby_dtl,JMA_USERID,cmms_emp_mst,EMM_ID,FK_CMMS_JOBCARD_ATTENDEDBY_DTL_CMMS_EMP_MST,Job Cards,Organization / Employee,cmms_jobcard_attendedby_dtl -> cmms_emp_mst
cmms_jobcard_attendedby_dtl,JMA_SECTIONJOBNO,cmms_jobcard_mst,JM_SectionJobNo,FK_CMMS_JOBCARD_ATTENDEDBY_DTL_CMMS_JOBCARD_MST,Job Cards,Job Cards,cmms_jobcard_attendedby_dtl -> cmms_jobcard_mst
cmms_jobcard_awaitinginfo,JobcardNumber,cmms_jobcard_mst,JM_SectionJobNo,FK_CMMS_JOBCARD_AWAITINGINFO_CMMS_JOBCARD_MST,Job Cards,Job Cards,cmms_jobcard_awaitinginfo -> cmms_jobcard_mst
cmms_jobcard_cal_adjustments_dtl,JCAD_JobCardNo,cmms_jobcard_mst,JM_SectionJobNo,FK_CMMS_JOBCARD_CAL_ADJUSTMENTS_DTL_CMMS_JOBCARD_MST,Job Cards,Job Cards,cmms_jobcard_cal_adjustments_dtl -> cmms_jobcard_mst
cmms_jobcard_cal_dtl,JCD_JobCardNo,cmms_jobcard_mst,JM_SectionJobNo,FK_CMMS_JOBCARD_CAL_DTL_CMMS_JOBCARD_MST,Job Cards,Job Cards,cmms_jobcard_cal_dtl -> cmms_jobcard_mst
cmms_jobcard_cal_observations,JobcardNumber,cmms_jobcard_mst,JM_SectionJobNo,FK_CMMS_JOBCARD_CAL_OBSERVATIONS_CMMS_JOBCARD_MST,Job Cards,Job Cards,cmms_jobcard_cal_observations -> cmms_jobcard_mst
cmms_jobcard_cal_observations,TaskID,cmms_task_mst,TSK_ID,FK_CMMS_JOBCARD_CAL_OBSERVATIONS_CMMS_TASK_MST,Job Cards,Master Data / Lookup,cmms_jobcard_cal_observations -> cmms_task_mst
cmms_jobcard_contract_warranty_dtl,CWD_JobCardNo,cmms_jobcard_mst,JM_SectionJobNo,FK_CMMS_JOBCARD_CONTRACT_WARRANTY_DTL_CMMS_JOBCARD_MST,Job Cards,Job Cards,cmms_jobcard_contract_warranty_dtl -> cmms_jobcard_mst
cmms_jobcard_eq_used,JEU_EquipType|JEU_EquipId,cmms_eqip_mst,EQM_TYPE|EQM_ID,FK_CMMS_JOBCARD_EQ_USED_CMMS_EQIP_MST,Job Cards,Equipment / Instruments,cmms_jobcard_eq_used -> cmms_eqip_mst
cmms_jobcard_eq_used,JEU_JobCardNo,cmms_jobcard_mst,JM_SectionJobNo,FK_CMMS_JOBCARD_EQ_USED_CMMS_JOBCARD_MST,Job Cards,Job Cards,cmms_jobcard_eq_used -> cmms_jobcard_mst
cmms_jobcard_faulty_category,FaultyCategory|FaultyType,cmms_fault_mst,FM_FAULT_ID|FM_TYPE,FK_CMMS_JOBCARD_FAULTY_CATEGORY_CMMS_FAULT_MST,Job Cards,Job Cards,cmms_jobcard_faulty_category -> cmms_fault_mst
cmms_jobcard_faulty_category,JobcardNumber,cmms_jobcard_mst,JM_SectionJobNo,FK_CMMS_JOBCARD_FAULTY_CATEGORY_CMMS_JOBCARD_MST,Job Cards,Job Cards,cmms_jobcard_faulty_category -> cmms_jobcard_mst
cmms_jobcard_faulty_section,FaultySection|FaultyType,cmms_fault_mst,FM_FAULT_ID|FM_TYPE,FK_CMMS_JOBCARD_FAULTY_SECTION_CMMS_FAULT_MST,Job Cards,Job Cards,cmms_jobcard_faulty_section -> cmms_fault_mst
cmms_jobcard_faulty_section,JobcardNumber,cmms_jobcard_mst,JM_SectionJobNo,FK_CMMS_JOBCARD_FAULTY_SECTION_CMMS_JOBCARD_MST,Job Cards,Job Cards,cmms_jobcard_faulty_section -> cmms_jobcard_mst
cmms_jobcard_inspection_info,JobcardNumber,cmms_jobcard_mst,JM_SectionJobNo,FK_CMMS_JOBCARD_INSPECTION_INFO_CMMS_JOBCARD_MST,Job Cards,Job Cards,cmms_jobcard_inspection_info -> cmms_jobcard_mst
cmms_jobcard_mst,JM_EQM_TYPE|JM_EQM_ID,cmms_eqip_mst,EQM_TYPE|EQM_ID,FK_CMMS_JOBCARD_MST_CMMS_EQIP_MST,Job Cards,Equipment / Instruments,cmms_jobcard_mst -> cmms_eqip_mst
cmms_jobcard_repair_info,JobcardNumber,cmms_jobcard_mst,JM_SectionJobNo,FK_CMMS_JOBCARD_REPAIR_INFO_CMMS_JOBCARD_MST,Job Cards,Job Cards,cmms_jobcard_repair_info -> cmms_jobcard_mst
cmms_jobcard_request_info,JRI_JobCardNo,cmms_jobcard_mst,JM_SectionJobNo,FK_CMMS_JOBCARD_REQUEST_INFO_CMMS_JOBCARD_MST,Job Cards,Job Cards,cmms_jobcard_request_info -> cmms_jobcard_mst
cmms_jobcard_request_item_dtl,JR_SECTIONJOBNO,cmms_jobcard_mst,JM_SectionJobNo,FK_CMMS_JOBCARD_REQUEST_ITEM_DTL_CMMS_JOBCARD_MST,Job Cards,Job Cards,cmms_jobcard_request_item_dtl -> cmms_jobcard_mst
cmms_jobcard_spares_equip,JobcardNumber,cmms_jobcard_mst,JM_SectionJobNo,FK_CMMS_JOBCARD_SPARES_EQUIP_CMMS_JOBCARD_MST,Job Cards,Job Cards,cmms_jobcard_spares_equip -> cmms_jobcard_mst
cmms_jobcard_status_hist,JH_SectionJobNo,cmms_jobcard_mst,JM_SectionJobNo,FK_CMMS_JOBCARD_STATUS_HIST_CMMS_JOBCARD_MST,Job Cards,Job Cards,cmms_jobcard_status_hist -> cmms_jobcard_mst
cmms_jobrequest_item_dtl,JR_JOBREQUESTNO,cmms_jobrequest_mst,JR_JOBREQUESTNO,FK_CMMS_JOBREQUEST_ITEM_DTL_CMMS_JOBREQUEST_MST,Job Requests,Job Requests,cmms_jobrequest_item_dtl -> cmms_jobrequest_mst
cmms_jobrequest_mst,JR_EQM_TYPE|JR_EQM_ID,cmms_eqip_mst,EQM_TYPE|EQM_ID,FK_CMMS_JOBREQUEST_MST_CMMS_EQIP_MST,Job Requests,Equipment / Instruments,cmms_jobrequest_mst -> cmms_eqip_mst
cmms_jobrequest_mst,JR_SECTIONJOB_NO,cmms_jobcard_mst,JM_SectionJobNo,FK_CMMS_JOBREQUEST_MST_CMMS_JOBCARD_MST,Job Requests,Job Cards,cmms_jobrequest_mst -> cmms_jobcard_mst
cmms_jobrequest_mst,JR_INST_TYPE,cmms_product_mst,PROD_ID,FK_CMMS_JOBREQUEST_MST_CMMS_PRODUCT_MST,Job Requests,Master Data / Lookup,cmms_jobrequest_mst -> cmms_product_mst
cmms_jobrequest_mst,JR_DIVISION,cmms_section_mst,SM_ID,FK_CMMS_JOBREQUEST_MST_CMMS_SECTION_MST,Job Requests,Organization / Employee,cmms_jobrequest_mst -> cmms_section_mst
cmms_jobrequest_project_dtl,JR_JOBREQUESTNO,cmms_jobrequest_mst,JR_JOBREQUESTNO,FK_CMMS_JOBREQUEST_PROJECTDTL_CMMS_JOBREQUEST_MST,Job Requests,Job Requests,cmms_jobrequest_project_dtl -> cmms_jobrequest_mst
cmms_jobrequest_project_dtl,JR_PROJECTID,cmms_proj_mst,PR_ID,FK_CMMS_JOBREQUEST_PROJECTDTL_CMMS_PROJ_MST,Job Requests,Master Data / Lookup,cmms_jobrequest_project_dtl -> cmms_proj_mst
cmms_po_item_dtl,POI_ITEM_TYPE,cmms_device_spares_mst,DS_ID,FK_CMMS_PO_ITEM_DTL_CMMS_DEVICE_SPARES_MST,Procurement / AMC / Inventory,Master Data / Lookup,cmms_po_item_dtl -> cmms_device_spares_mst
cmms_po_item_dtl,POI_ID,cmms_po_mst,PO_ID,FK_CMMS_PO_ITEM_DTL_CMMS_PO_MST,Procurement / AMC / Inventory,Procurement / AMC / Inventory,cmms_po_item_dtl -> cmms_po_mst
cmms_po_payment_dtl,POP_ID,cmms_po_mst,PO_ID,FK_CMMS_PO_PAYMENT_DTL_CMMS_PO_MST,Procurement / AMC / Inventory,Procurement / AMC / Inventory,cmms_po_payment_dtl -> cmms_po_mst
cmms_po_receive_dtl,POR_ID,cmms_po_mst,PO_ID,FK_CMMS_PO_RECEIVE_DTL_CMMS_PO_MST,Procurement / AMC / Inventory,Procurement / AMC / Inventory,cmms_po_receive_dtl -> cmms_po_mst
cmms_pur_dtl,PUD_NO,cmms_pur_mst,PUM_NO,FK_CMMS_PUR_DTL_CMMS_PUR_MST,Procurement / AMC / Inventory,Procurement / AMC / Inventory,cmms_pur_dtl -> cmms_pur_mst
cmms_schedule_eqip_dtl,SC_EQM_TYPE|SC_EQM_ID,cmms_eqip_mst,EQM_TYPE|EQM_ID,FK_CMMS_SCHEDULE_EQIP_DTL_CMMS_EQIP_MST,Equipment / Instruments,Equipment / Instruments,cmms_schedule_eqip_dtl -> cmms_eqip_mst
cmms_schedule_eqip_dtl,SC_PLAN_ID|SC_TYPE,cmms_schedule_mst,SC_PLAN_ID|SC_TYPE,FK_CMMS_SCHEDULE_EQIP_DTL_CMMS_SCHEDULE_MST,Equipment / Instruments,Scheduling / PM-CAL,cmms_schedule_eqip_dtl -> cmms_schedule_mst
cmms_schedule_mst,SC_SM_ID,cmms_section_mst,SM_ID,FK_CMMS_SCHEDULE_MST_CMMS_SECTION_MST,Scheduling / PM-CAL,Organization / Employee,cmms_schedule_mst -> cmms_section_mst
cmms_supplier_mfr,SUP_ID,cmms_cont_mst,CMM_CONT_ID,FK_CMMS_SUPPLIER_MFR_CMMS_CONT_MST,Vendor / Manufacturer,Vendor / Manufacturer,cmms_supplier_mfr -> cmms_cont_mst
cmms_supplier_mfr,MFR_ID,cmms_cont_mst,CMM_CONT_ID,FK_CMMS_SUPPLIER_MFR_CMMS_CONT_MST1,Vendor / Manufacturer,Vendor / Manufacturer,cmms_supplier_mfr -> cmms_cont_mst
cmms_supplier_mfr,MFR_PROD_ID,cmms_product_mst,PROD_ID,FK_CMMS_SUPPLIER_MFR_CMMS_PRODUCT_MST,Vendor / Manufacturer,Master Data / Lookup,cmms_supplier_mfr -> cmms_product_mst
equipment_status_history,transitioned_by,cmms_emp_mst,EMM_ID,fk_esh_actor,Equipment / Instruments,Organization / Employee,equipment_status_history -> cmms_emp_mst
equipment_status_history,eqm_type|eqm_id,cmms_eqip_mst,EQM_TYPE|EQM_ID,fk_esh_eqip,Equipment / Instruments,Equipment / Instruments,equipment_status_history -> cmms_eqip_mst
equipment_status_history,related_job_card,cmms_jobcard_mst,JM_SectionJobNo,fk_esh_jc,Equipment / Instruments,Job Cards,equipment_status_history -> cmms_jobcard_mst
job_request_accessories,jr_no,cmms_jobrequest_mst,JR_JOBREQUESTNO,fk_jra_jr,Job Requests,Job Requests,job_request_accessories -> cmms_jobrequest_mst
job_request_status_history,transitioned_by,cmms_emp_mst,EMM_ID,fk_jrsh_actor,Job Requests,Organization / Employee,job_request_status_history -> cmms_emp_mst
job_request_status_history,jr_no,cmms_jobrequest_mst,JR_JOBREQUESTNO,fk_jrsh_jr,Job Requests,Job Requests,job_request_status_history -> cmms_jobrequest_mst
refresh_tokens,user_id,users,user_id,fk_rt_user,Auth & RBAC,Auth & RBAC,refresh_tokens -> users
role_permissions,permission_id,permissions,permission_id,fk_rp_permission,Auth & RBAC,Auth & RBAC,role_permissions -> permissions
role_permissions,role_id,roles,role_id,fk_rp_role,Auth & RBAC,Auth & RBAC,role_permissions -> roles
sections,department_id,departments,department_id,fk_sections_department,Organization / Employee,Organization / Employee,sections -> departments
sections,head_employee_id,cmms_emp_mst,EMM_ID,fk_sections_head_emp,Organization / Employee,Organization / Employee,sections -> cmms_emp_mst
users,employee_id,cmms_emp_mst,EMM_ID,fk_users_employee,Auth & RBAC,Organization / Employee,users -> cmms_emp_mst
users,section_id,sections,section_id,fk_users_section,Auth & RBAC,Organization / Employee,users -> sections
user_roles,role_id,roles,role_id,fk_ur_role,Auth & RBAC,Auth & RBAC,user_roles -> roles
user_roles,user_id,users,user_id,fk_ur_user,Auth & RBAC,Auth & RBAC,user_roles -> users
_legacy_accessright_mst,ACC_MOD_ID,_legacy_module_mst,MOD_ID,FK_CMMS_ACCESSRIGHT_MST_CMMS_MODULE_MST,Legacy / Isolated,Legacy / Isolated,_legacy_accessright_mst -> _legacy_module_mst
_legacy_accessright_mst,ACC_ROLE,_legacy_role_mst,ROLE_ID,FK_CMMS_ACCESSRIGHT_MST_CMMS_ROLE_MST,Legacy / Isolated,Legacy / Isolated,_legacy_accessright_mst -> _legacy_role_mst
_legacy_jobcard_insp_maint_dtl,JMD_JobCardNo,cmms_jobcard_mst,JM_SectionJobNo,FK_CMMS_JOBCARD_INSP_MAINT_DTL_CMMS_JOBCARD_MST,Legacy / Isolated,Job Cards,_legacy_jobcard_insp_maint_dtl -> cmms_jobcard_mst
_legacy_module_mst,MOD_PARENT_ID,_legacy_module_mst,MOD_ID,FK_CMMS_MODULE_MST_CMMS_MODULE_MST,Legacy / Isolated,Legacy / Isolated,_legacy_module_mst -> _legacy_module_mst
_legacy_section_user_mst,SM_USER_ROLE,_legacy_role_mst,ROLE_ID,FK_CMMS_SECTION_USER_MST_CMMS_ROLE_MST,Legacy / Isolated,Legacy / Isolated,_legacy_section_user_mst -> _legacy_role_mst
_legacy_section_user_mst,SM_ID,cmms_section_mst,SM_ID,FK_CMMS_SECTION_USER_MST_CMMS_SECTION_MST,Legacy / Isolated,Organization / Employee,_legacy_section_user_mst -> cmms_section_mst
