table_name,column_name,data_type_raw,base_type,nullable,default_value,enum_values_count,enum_values,module_guess,column_role_guess
cmms_checklist_hist,CHKL_STATE,tinyint(1),tinyint,NO,,0,,Master Data / Lookup,
cmms_checklist_mst,CHKL_STATE,tinyint(1),tinyint,NO,,0,,Master Data / Lookup,
cmms_cont_mst,CMM_CONT_TYPE,"enum('MFR','VENDOR','BOTH','OEM')",enum,NO,'BOTH',4,MFR|VENDOR|BOTH|OEM,Vendor / Manufacturer,status_enum
cmms_cont_mst,CMM_CONT_STATE,varchar(100),varchar,YES,NULL,0,,Vendor / Manufacturer,
cmms_cont_mst,CMM_CONT_STATE_FLAG,tinyint(1),tinyint,NO,1,0,,Vendor / Manufacturer,
cmms_designation_mst,DG_STATE,tinyint(1),tinyint,NO,,0,,Organization / Employee,
cmms_device_spares_mst,DS_STATE,tinyint(1),tinyint,NO,,0,,Master Data / Lookup,
cmms_division_hist,EQD_STATUS,varchar(50),varchar,NO,,0,,Organization / Employee,status
cmms_division_hist,EQD_STATUS_DATE,datetime(6),datetime,NO,,0,,Organization / Employee,status|audit_date
cmms_emp_mst,EMM_STATE,varchar(100),varchar,YES,NULL,0,,Organization / Employee,
cmms_eqip_mst,EQM_DIV_STATUS,varchar(50),varchar,YES,NULL,0,,Equipment / Instruments,status
cmms_eqip_mst,EQM_STATUS_UPD_DATE,datetime(6),datetime,YES,NULL,0,,Equipment / Instruments,status|audit_date
cmms_eqip_mst,EQM_MVP_STATUS,"enum('PENDING_VERIFICATION','ACTIVE','UNDER_CALIBRATION','UNDER_REPAIR','OUT_OF_TOLERANCE','QUARANTINED','CONDEMNED','RETIRED')",enum,NO,'PENDING_VERIFICATION',8,PENDING_VERIFICATION|ACTIVE|UNDER_CALIBRATION|UNDER_REPAIR|OUT_OF_TOLERANCE|QUARANTINED|CONDEMNED|RETIRED,Equipment / Instruments,status_enum
cmms_eqip_mst,EQM_MVP_STATUS_AT,datetime(6),datetime,YES,NULL,0,,Equipment / Instruments,status|audit_date
cmms_eqip_mst_hist,EQM_DIV_STATUS,varchar(50),varchar,YES,NULL,0,,Equipment / Instruments,status
cmms_eqip_mst_hist,EQM_STATUS_UPD_DATE,datetime(6),datetime,YES,NULL,0,,Equipment / Instruments,status|audit_date
cmms_inv_mst,INV_STATE,tinyint(1),tinyint,NO,,0,,Procurement / AMC / Inventory,
cmms_jobcard_awaitinginfo,RepairStatus,varchar(50),varchar,YES,NULL,0,,Job Cards,status
cmms_jobcard_cal_dtl,JCD_CALStatus,varchar(50),varchar,YES,NULL,0,,Job Cards,status
cmms_jobcard_cal_dtl,JCD_EQStatusAsRecd,varchar(50),varchar,YES,NULL,0,,Job Cards,status
cmms_jobcard_cal_observations,Status,varchar(15),varchar,YES,NULL,0,,Job Cards,status
cmms_jobcard_inspection_info,EqRecdStatus,tinyint(3) UNSIGNED,tinyint,YES,NULL,0,,Job Cards,status
cmms_jobcard_inspection_info,FinalStatus,tinyint(3) UNSIGNED,tinyint,YES,NULL,0,,Job Cards,status
cmms_jobcard_inspection_info,FinalStatusDate,datetime(6),datetime,YES,NULL,0,,Job Cards,status|audit_date
cmms_jobcard_mst,JM_JobStatus,char(2),char,NO,,0,,Job Cards,status
cmms_jobcard_mst,JM_MVP_STATUS,"enum('ASSIGNED','IN_PROGRESS','COMPLETED','VERIFIED_CLOSED','REOPENED')",enum,NO,'ASSIGNED',5,ASSIGNED|IN_PROGRESS|COMPLETED|VERIFIED_CLOSED|REOPENED,Job Cards,status_enum
cmms_jobcard_mst_history,JM_JobStatus,char(2),char,NO,,0,,Job Cards,status
cmms_jobcard_repair_info,PrSystemStatus,tinyint(1),tinyint,YES,NULL,0,,Job Cards,status
cmms_jobcard_repair_info,PresentSystemStatus,int(11),int,YES,NULL,0,,Job Cards,status
cmms_jobcard_request_info,JRI_Working_Status,varchar(20),varchar,YES,NULL,0,,Job Cards,status
cmms_jobcard_status_hist,JH_JobStatus,varchar(2),varchar,NO,,0,,Job Cards,status
cmms_jobcard_status_hist,JH_StatusUpdatedOn,datetime(6),datetime,NO,,0,,Job Cards,status|audit_date
cmms_jobcard_status_hist,JH_StatusUpdatedBy,varchar(7),varchar,NO,,0,,Job Cards,status|audit_date
cmms_jobrequest_mst,JR_WORKING_STATUS,varchar(20),varchar,YES,NULL,0,,Job Requests,status
cmms_jobrequest_mst,JR_MVP_STATUS,"enum('DRAFT','SUBMITTED','ASSIGNED','IN_PROGRESS','COMPLETED','VERIFIED_CLOSED','REJECTED','REOPENED')",enum,NO,'DRAFT',8,DRAFT|SUBMITTED|ASSIGNED|IN_PROGRESS|COMPLETED|VERIFIED_CLOSED|REJECTED|REOPENED,Job Requests,status_enum
cmms_jobrequest_mst,JR_MVP_STATUS_AT,datetime(6),datetime,YES,NULL,0,,Job Requests,status|audit_date
cmms_jobrequest_mst,JR_PRIORITY,"enum('LOW','NORMAL','HIGH','URGENT')",enum,NO,'NORMAL',4,LOW|NORMAL|HIGH|URGENT,Job Requests,status_enum
cmms_jobrequest_mst,JR_JOB_CATEGORY,"enum('TME','FPE')",enum,YES,NULL,2,TME|FPE,Job Requests,status_enum
cmms_jobrequest_mst,JR_JOB_TYPE,"enum('CALIBRATION','REPAIR','REGISTRATION')",enum,YES,NULL,3,CALIBRATION|REPAIR|REGISTRATION,Job Requests,status_enum
cmms_lineitem_mst,LITM_STATE,tinyint(1),tinyint,NO,,0,,Master Data / Lookup,
cmms_product_mst,PROD_STATE,tinyint(1),tinyint,NO,0,0,,Master Data / Lookup,
cmms_proj_mst,PR_STATE,tinyint(1),tinyint,NO,,0,,Master Data / Lookup,
cmms_section_mst,SM_STATE,tinyint(1),tinyint,NO,,0,,Organization / Employee,
cmms_task_mst,TSK_STATE,tinyint(1),tinyint,NO,,0,,Master Data / Lookup,
equipment_status_history,from_status,varchar(30),varchar,YES,NULL,0,,Equipment / Instruments,status
equipment_status_history,to_status,varchar(30),varchar,NO,,0,,Equipment / Instruments,status
export_audit,export_type,"enum('JOB_CARD_PDF','CAL_CERT_PDF','JOB_REQUEST_PDF','EXCEL_EQUIPMENT','EXCEL_JOB_CARDS')",enum,NO,,5,JOB_CARD_PDF|CAL_CERT_PDF|JOB_REQUEST_PDF|EXCEL_EQUIPMENT|EXCEL_JOB_CARDS,Audit / Security,status_enum
job_request_status_history,from_status,varchar(30),varchar,YES,NULL,0,,Job Requests,status
job_request_status_history,to_status,varchar(30),varchar,NO,,0,,Job Requests,status
login_audit,outcome,"enum('SUCCESS','FAILED_BAD_PASSWORD','FAILED_USER_LOCKED','FAILED_USER_INACTIVE','FAILED_NOT_FOUND','FAILED_INVALID_FORMAT','LOGOUT','TOKEN_REFRESH')",enum,NO,,8,SUCCESS|FAILED_BAD_PASSWORD|FAILED_USER_LOCKED|FAILED_USER_INACTIVE|FAILED_NOT_FOUND|FAILED_INVALID_FORMAT|LOGOUT|TOKEN_REFRESH,Auth & RBAC,status_enum
refresh_tokens,revoked_reason,"enum('LOGOUT','ROTATED','ADMIN_REVOKE','PASSWORD_CHANGE','EXPIRY_CLEANUP')",enum,YES,NULL,5,LOGOUT|ROTATED|ADMIN_REVOKE|PASSWORD_CHANGE|EXPIRY_CLEANUP,Auth & RBAC,status_enum
sections,equipment_category,"enum('TME','FPE')",enum,NO,,2,TME|FPE,Organization / Employee,status_enum
_legacy_cf001,CHKL_STATE,tinyint(1),tinyint,NO,,0,,Legacy / Isolated,
_legacy_cf003,CHKL_STATE,tinyint(1),tinyint,NO,,0,,Legacy / Isolated,
_legacy_userrole_mst,USER_STATE,tinyint(1),tinyint,NO,,0,,Legacy / Isolated,
